{
  "groupB": [{
    "id": 7,
    "type": "pie",
    "shortTitle": "數轉時間投入",
    "title": "請問，貴公司投入數位轉型至今大約多久？",
    "labels": ["還在評估中", "剛開始，還未滿1年", "已開始，1~3年", "超過3年"],
    "series": [14.3, 8.6, 25.7, 51.4]
  }, {
    "id": 8,
    "type": "pie",
    "shortTitle": "數轉經費投入(2020)",
    "title": "請問，貴公司在去(2020)年推動數位轉型的投資經費? (包括人事、系統開發或委外等相關費用)",
    "labels": ["沒有投入經費", "不到100萬", "100萬(含)以上，不到500萬", "500萬(含)以上，不到1,000萬", "1,000萬(含)以上，不到5,000萬", "5,000萬(含)以上", "不知道/拒答"],
    "series": [3.3, 28.3, 31.7, 5.0, 8.3, 0, 23.3]
  }, {
    "id": 9,
    "type": "pie",
    "shortTitle": "數轉經費占營收比(2020)",
    "title": "承上題，貴公司在去(2020)年推動數位轉型的經費佔整體營收的比例為何？",
    "labels": ["不到1%", "1%(含)以上，不到3%", "3%(含)以上，不到5%", "5%(含)以上，不到10%", "10%(含)以上", "不知道/拒答"],
    "series": [44.8, 10.3, 5.2, 5.2, 1.7, 32.8]
  }, {
    "id": 10,
    "type": "pie",
    "shortTitle": "數轉預算投入(2021)",
    "title": "請問，貴公司預計今(2021)年投入推動數位轉型的預算?(包括人事、系統開發或委外等相關費用)",
    "labels": ["沒有規劃", "不到100萬", "100萬(含)以上，不到500萬", "500萬(含)以上，不到1,000萬", "1,000萬(含)以上，不到5,000萬", "5,000萬(含)以上", "不知道/拒答"],
    "series": [5.2, 22.4, 29.3, 8.6, 5.2, 0, 29.3]
  }, {
    "id": 11,
    "type": "pie",
    "shortTitle": "數轉專職人員投入(2020)",
    "title": "請問，貴公司2020年實際參與推動數位轉型的專職人員有幾位？",
    "labels": ["沒有專職人員", "1～2人", "3～5人", "6～10人", "11～20人", "20人以上"],
    "series": [19, 13.8, 25.9, 15.5, 13.8, 12.1]
  }, {
    "id": 12,
    "type": "pie",
    "shortTitle": "預計數轉專職人員投入 (2021)",
    "title": "請問，貴公司目前(2021年)投入多少員工(專職)於數位轉型？",
    "labels": ["沒有專職人員", "1～2人", "3～5人", "6～10人", "11～20人", "20人以上"],
    "series": [19, 13.8, 25.9, 15.5, 13.8, 12.1]
  }, {
    "id": 13,
    "type": "pie",
    "shortTitle": "數轉顧問聘用(2021)",
    "title": "請問，貴公司目前(2021年)是否有聘請外部顧問或專家，協助推動數位轉型？",
    "labels": ["沒有，也沒有規劃聘請外部顧問", "沒有，但已規劃聘請外部顧問", "有"],
    "series": [37.9, 5.2, 56.9]
  },{
    "id": 14,
    "type": "bar",
    "shortTitle": "數位工具投入",
    "title": "請問，貴公司目前已經投入/導入哪些數位或資訊系統？",
    "labels": ["ERP企業資源管理", "MES製造執行系統", "PDM產品資料管理", "CRM客戶關係管理", "SCM供應鏈管理", "PLM產品生命週期管理", "CAD電腦輔助設計", "CAM電腦輔助製造", "自動品管檢測系統", "CAE電腦輔助工程", "其他", "以上皆無"],
    "series": [{"data": [88.6, 38.6, 30, 30, 25.7, 17.1, 15.7, 15.7, 12.9, 2.9, 2.9, 0]}]
  },
  {
    "id": 15,
    "type": "bar",
    "shortTitle": "新興數位工具投入",
    "title": "請問，對於下列各項創新興數位科技應用趨勢，貴公司是否已有投入資源或人力？",
    "labels": ["網路/資料安全", "大數據分析(Big data)", "電子商務", "雲端技術", "物聯網/機聯網", "社群行銷", "行動裝置服務", "以上皆無", "人工智慧(Artificial Intelligence)", "區塊鏈", "邊緣運算", "數位雙生(Digital twin)"],
    "series": [{"data": [64.3, 30, 25.7, 24.3, 18.6, 18.6, 18.6, 18.6, 11.4, 11.4, 8.6, 1.4]}]
  }],
  "groupC": [{
    "id": 16,
    "avg": 2.37,
    "max": 3
  },{
    "id": 17,
    "avg": 2.09,
    "max": 3
  },{
    "id": 18,
    "avg": 2.3,
    "max": 3
  },{
    "id": 19,
    "avg": 2.57,
    "max": 3
  },{
    "id": 20,
    "avg": 2.49,
    "max": 3
  },{
    "id": 21,
    "avg": 1.83,
    "max": 2
  },{
    "id": 22,
    "avg": 3.04,
    "max": 4
  },{
    "id": 23,
    "avg": 3.04,
    "max": 4
  },{
    "id": 24,
    "avg": 2.23,
    "max": 3
  },{
    "id": 25,
    "avg": 2.23,
    "max": 3
  },{
    "id": 26,
    "avg": 2.36,
    "max": 3
  },{
    "id": 27,
    "avg": 2.53,
    "max": 3
  },{
    "id": 28,
    "avg": 2.31,
    "max": 3
  },{
    "id": 29,
    "avg": 2.97,
    "max": 3
  },{
    "id": 30,
    "avg": 2.77,
    "max": 3
  },{
    "id": 31,
    "avg": 2.4,
    "max": 3
  }],
  "groupD": [{
    "id": 32,
    "type": "bar",
    "shortTitle": "數轉目標",
    "title": "請問，貴公司推動數位轉型的主要目標為何？",
    "labels": ["提升生產效率", "提升品質/降低不良率", "降低庫存", "縮短交期", "降低人力需求", "強化資訊安全", "交期準時", "提升產品毛利", "目前尚未設定目標", "提升設備稼動率/可動率", "更瞭解客戶的行為模式與需求", "改善齊料率", "產品或服務創新", "強化銷售能力", "縮短研發新產品時間", "其他"],
    "series": [{"data": [54.3, 52.9, 28.6, 25.7, 24.3, 20, 17.1, 8.6, 7.1, 5.7, 1.4, 1.4, 1.4, 1.4, 0, 0]}]
  },{
    "id": 33,
    "type": "pie",
    "shortTitle": "數轉效益",
    "title": "請問，數位轉型對公司整體營運發展是否有幫助？",
    "labels": ["有，而且效益明顯", "有，但是效益普通", "目前仍沒有明確的效益"],
    "series": [28.6, 37.1, 34.3]
  },{
    "id": 34,
    "type": "pie",
    "shortTitle": "薪資成長率(2020)",
    "title": "請問，貴公司員工薪資過去一年(2020年)薪資成長率？",
    "labels": ["不到1%", "1%(含)以上，不到3%", "3%(含)以上，不到5%", "5%(含)以上，不到10%", "10%(含)以上", "不知道/拒答"],
    "series": [34.8, 23.9, 4.3, 0, 0, 37]
  },{
    "id": 35,
    "type": "pie",
    "shortTitle": "海外營收比重成長比例(2020)",
    "title": "請問，貴公司過去一年(2020年)海外營業比重成長比例？",
    "labels": ["沒有或不到5%", "5%(含)以上，不到10%", "10%(含)以上，不到20%", "20%(含)以上，不到30%", "30%(含)以上", "不知道/拒答", "沒有海外市場"],
    "series": [26.1, 0, 10.9, 4.3, 19.6, 39.1, 0]
  },{
    "id": 36,
    "type": "bar",
    "shortTitle": "數轉實際改善KPI",
    "title": "請問，貴公司在投入數位轉型之後到2020年底，實際改善的KPI為何?",
    "labels": ["提升生產效率","提升品質/降低不良率", "降低人力需求", "縮短交期", "降低庫存", "強化資訊安全", "交期準時", "提升設備稼動率/可動率", "提升產品毛利", "改善齊料率", "強化銷售能力", "更瞭解客戶的行為模式與需求", "產品或服務創新", "尚未實際產生效益", "縮短研發新產品時間", "其他"],
    "series": [{"data":[80.4, 60.9, 60.9, 47.8, 47.8, 41.3, 34.8, 23.9, 21.7, 21.7, 4.3, 2.2, 2.2, 2.2, 0, 0]}]
  },{
    "id": 37,
    "type": "pie",
    "shortTitle": "數轉效益- 營收成長比例 (2020)",
    "title": "請問貴公司在開始推動數位轉型之後到2020年底，因為數位轉型所帶來的主要成效指標改善情形？ - (1)營收成長比例",
    "labels": ["沒有或不到5%", "5%(含)以上，不到10%", "10%(含)以上，不到20%", "20%(含)以上，不到30%", "30%(含)以上", "不知道/拒答", "沒有海外市場"],
    "series": [28.3, 15.2, 4.3, 4.3, 2.2, 45.7, 0]
  },{
    "id": 38,
    "type": "pie",
    "shortTitle": "數轉效益- 營運成本降低比例 (2020)",
    "title": "請問貴公司在開始推動數位轉型之後到2020年底，因為數位轉型所帶來的主要成效指標改善情形？ - (2)營運成本降低比例",
    "labels": ["沒有或不到5%", "5%(含)以上，不到10%", "10%(含)以上，不到20%", "20%(含)以上，不到30%", "30%(含)以上", "不知道/拒答", "沒有海外市場"],
    "series": [34.8, 13, 6.5, 2.2, 2.2, 41.3, 0]
  },{
    "id": 39,
    "type": "pie",
    "shortTitle": "數轉效益- 資產利用率提升比例 (2020)",
    "title": "請問貴公司在開始推動數位轉型之後到2020年底，因為數位轉型所帶來的主要成效指標改善情形？ - (3)資產利用率提升比例",
    "labels": ["沒有或不到5%", "5%(含)以上，不到10%", "10%(含)以上，不到20%", "20%(含)以上，不到30%", "30%(含)以上", "不知道/拒答", "沒有海外市場"],
    "series": [28.3, 19.6, 2.2, 2.2, 2.2, 45.7, 0]
  }]
}
