{
    "groupB": [{
      "id": 7,
      "type": "pie",
      "shortTitle": "數轉時間投入",
      "title": "請問，貴公司投入數位轉型至今大約多久？",
      "labels": ["還在評估中", "剛開始，還未滿1年", "已開始，1~3年", "超過3年"],
      "series": [6.8, 2.3, 4.5, 86.4]
    }, {
      "id": 8,
      "type": "pie",
      "shortTitle": "數轉經費投入(2020)",
      "title": "請問，貴公司在去(2020)年推動數位轉型的投資經費? (包括人事、系統開發或委外等相關費用)",
      "labels": ["沒有投入經費", "不到100萬", "100萬(含)以上，不到500萬", "500萬(含)以上，不到1,000萬", "1,000萬(含)以上，不到5,000萬", "5,000萬(含)以上", "不知道/拒答"],
      "series": [12.2, 41.5, 31.7, 2.4, 0, 0, 12.2]
    }, {
      "id": 9,
      "type": "pie",
      "shortTitle": "數轉經費占營收比(2020)",
      "title": "承上題，貴公司在去(2020)年推動數位轉型的經費佔整體營收的比例為何？",
      "labels": ["不到1%", "1%(含)以上，不到3%", "3%(含)以上，不到5%", "5%(含)以上，不到10%", "10%(含)以上", "不知道/拒答"],
      "series": [44.4, 30.6, 2.8, 8.3, 2.8, 11.1]
    }, {
      "id": 10,
      "type": "pie",
      "shortTitle": "數轉預算投入(2021)",
      "title": "請問，貴公司預計今(2021)年投入推動數位轉型的預算?(包括人事、系統開發或委外等相關費用)",
      "labels": ["沒有規劃", "不到100萬", "100萬(含)以上，不到500萬", "500萬(含)以上，不到1,000萬", "1,000萬(含)以上，不到5,000萬", "5,000萬(含)以上", "不知道/拒答"],
      "series": [8.3, 44.4, 25, 2.8, 0, 0, 19.4]
    }, {
      "id": 11,
      "type": "pie",
      "shortTitle": "數轉專職人員投入(2020)",
      "title": "請問，貴公司2020年實際參與推動數位轉型的專職人員有幾位？",
      "labels": ["沒有專職人員", "1～2人", "3～5人", "6～10人", "11～20人", "20人以上"],
      "series": [2.8,2.8, 27.8, 38.9, 11.1, 16.7]
    }, {
      "id": 12,
      "type": "pie",
      "shortTitle": "預計數轉專職人員投入 (2021)",
      "title": "請問，貴公司目前(2021年)投入多少員工(專職)於數位轉型？",
      "labels": ["沒有專職人員", "1～2人", "3～5人", "6～10人", "11～20人", "20人以上"],
      "series": [2.8, 2.8, 27.8, 38.9, 11.1, 16.7]
    }, {
      "id": 13,
      "type": "pie",
      "shortTitle": "數轉顧問聘用(2021)",
      "title": "請問，貴公司目前(2021年)是否有聘請外部顧問或專家，協助推動數位轉型？",
      "labels": ["沒有，也沒有規劃聘請外部顧問", "沒有，但已規劃聘請外部顧問", "有"],
      "series": [58.3, 2.8, 38.9]
    },
    {
      "id": 14,
      "type": "bar",
      "shortTitle": "數位工具投入",
      "title": "請問，貴公司目前已經投入/導入哪些數位或資訊系統？",
      "labels": ["ERP企業資源管理", "MES製造執行系統", "PDM產品資料管理", "CRM客戶關係管理", "SCM供應鏈管理", "PLM產品生命週期管理", "CAD電腦輔助設計", "CAM電腦輔助製造", "自動品管檢測系統", "CAE電腦輔助工程", "其他", "以上皆無"],
      "series": [{"data": [88.6, 38.6, 30, 30, 25.7, 17.1, 15.7, 15.7, 12.9, 2.9, 2.9, 0]}]
    },
    {
      "id": 15,
      "type": "bar",
      "shortTitle": "新興數位工具投入",
      "title": "請問，對於下列各項創新興數位科技應用趨勢，貴公司是否已有投入資源或人力？",
      "labels": ["網路/資料安全", "大數據分析(Big data)", "電子商務", "雲端技術", "物聯網/機聯網", "社群行銷", "行動裝置服務", "以上皆無", "人工智慧(Artificial Intelligence)", "區塊鏈", "邊緣運算", "數位雙生(Digital twin)"],
      "series": [{"data": [64.3, 30, 25.7, 24.3, 18.6, 18.6, 18.6, 18.6, 11.4, 11.4, 8.6, 1.4]}]
    }],
    "groupC": [{
      "id": 16,
      "avg": 2.66,
      "max": 3
    },{
      "id": 17,
      "avg": 2.41,
      "max": 3
    },{
      "id": 18,
      "avg": 2.3,
      "max": 3
    },{
      "id": 19,
      "avg": 2.16,
      "max": 3
    },{
      "id": 20,
      "avg": 2.36,
      "max": 3
    },{
      "id": 21,
      "avg": 1.95,
      "max": 2
    },{
      "id": 22,
      "avg": 2.95,
      "max": 4
    },{
      "id": 23,
      "avg": 3.09,
      "max": 4
    },{
      "id": 24,
      "avg": 2.36,
      "max": 3
    },{
      "id": 25,
      "avg": 2.36,
      "max": 3
    },{
      "id": 26,
      "avg": 2.23,
      "max": 3
    },{
      "id": 27,
      "avg": 2.8,
      "max": 4
    },{
      "id": 28,
      "avg": 1.84,
      "max": 2
    },{
      "id": 29,
      "avg": 2.55,
      "max": 3
    },{
      "id": 30,
      "avg": 2.27,
      "max": 3
    },{
      "id": 31,
      "avg": 2.16,
      "max": 2.75
    }],
    "groupD": [{
      "id": 32,
      "type": "bar",
      "shortTitle": "數轉目標",
      "title": "請問，貴公司推動數位轉型的主要目標為何？",
      "labels": ["提升生產效率", "提升品質/降低不良率", "降低庫存", "縮短交期", "降低人力需求", "強化資訊安全", "交期準時", "提升產品毛利", "目前尚未設定目標", "提升設備稼動率/可動率", "更瞭解客戶的行為模式與需求", "改善齊料率", "產品或服務創新", "強化銷售能力", "縮短研發新產品時間", "其他"],
      "series": [{"data": [54.3, 52.9, 28.6, 25.7, 24.3, 20, 17.1, 8.6, 7.1, 5.7, 1.4, 1.4, 1.4, 1.4, 0, 0]}]
    },{
      "id": 33,
      "type": "pie",
      "shortTitle": "數轉效益",
      "title": "請問，數位轉型對公司整體營運發展是否有幫助？",
      "labels": ["有，而且效益明顯", "有，但是效益普通", "目前仍沒有明確的效益"],
      "series": [31.8, 45.5, 22.7]
    },{
      "id": 34,
      "type": "pie",
      "shortTitle": "薪資成長率(2020)",
      "title": "請問，貴公司員工薪資過去一年(2020年)薪資成長率？",
      "labels": ["不到1%", "1%(含)以上，不到3%", "3%(含)以上，不到5%", "5%(含)以上，不到10%", "10%(含)以上", "不知道/拒答"],
      "series": [29.4, 38.2, 2.9, 0, 0, 29.4]
    },{
      "id": 35,
      "type": "pie",
      "shortTitle": "海外營收比重成長比例(2020)",
      "title": "請問，貴公司過去一年(2020年)海外營業比重成長比例？",
      "labels": ["沒有或不到5%", "5%(含)以上，不到10%", "10%(含)以上，不到20%", "20%(含)以上，不到30%", "30%(含)以上", "不知道/拒答", "沒有海外市場"],
      "series": [14.7, 2.9, 11.8, 2.9, 50, 17.6, 0]
    },{
      "id": 36,
      "type": "bar",
      "shortTitle": "數轉實際改善KPI",
      "title": "請問，貴公司在投入數位轉型之後到2020年底，實際改善的KPI為何?",
      "labels": ["提升生產效率","提升品質/降低不良率", "降低人力需求", "縮短交期", "降低庫存", "強化資訊安全", "交期準時", "提升設備稼動率/可動率", "提升產品毛利", "改善齊料率", "強化銷售能力", "更瞭解客戶的行為模式與需求", "產品或服務創新", "尚未實際產生效益", "縮短研發新產品時間", "其他"],
      "series": [{"data":[80.4, 60.9, 60.9, 47.8, 47.8, 41.3, 34.8, 23.9, 21.7, 21.7, 4.3, 2.2, 2.2, 2.2, 0, 0]}]
    },{
      "id": 37,
      "type": "pie",
      "shortTitle": "數轉效益- 營收成長比例 (2020)",
      "title": "請問貴公司在開始推動數位轉型之後到2020年底，因為數位轉型所帶來的主要成效指標改善情形？ - (1)營收成長比例",
      "labels": ["沒有或不到5%", "5%(含)以上，不到10%", "10%(含)以上，不到20%", "20%(含)以上，不到30%", "30%(含)以上", "不知道/拒答", "沒有海外市場"],
      "series": [23.5, 35.3, 11.8, 0, 2.9, 26.5, 0]
    },{
      "id": 38,
      "type": "pie",
      "shortTitle": "數轉效益- 營運成本降低比例 (2020)",
      "title": "請問貴公司在開始推動數位轉型之後到2020年底，因為數位轉型所帶來的主要成效指標改善情形？ - (2)營運成本降低比例",
      "labels": ["沒有或不到5%", "5%(含)以上，不到10%", "10%(含)以上，不到20%", "20%(含)以上，不到30%", "30%(含)以上", "不知道/拒答", "沒有海外市場"],
      "series": [32.4, 35.3, 0, 0, 0, 32.4, 0]
    },{
      "id": 39,
      "type": "pie",
      "shortTitle": "數轉效益- 資產利用率提升比例 (2020)",
      "title": "請問貴公司在開始推動數位轉型之後到2020年底，因為數位轉型所帶來的主要成效指標改善情形？ - (3)資產利用率提升比例",
      "labels": ["沒有或不到5%", "5%(含)以上，不到10%", "10%(含)以上，不到20%", "20%(含)以上，不到30%", "30%(含)以上", "不知道/拒答", "沒有海外市場"],
      "series": [17.6, 41.2, 14.7, 0, 0, 26.5, 0]
    }]
  }
  